,percent_improvement,ref_MAE_mean,da_MAE_mean,counts,mse_ref,mse_DA,mse_ref_points,mse_da_points,mse_ref_overlap,mse_da_overlap,mse_percent_points,mse_percent_overlap,time_overlap,time_saving_uc,time_saving_da,time_saving_u0,l1_loss,l2_loss,time,time_online
0,97.74529427495655,0.007516479445959393,0.00016947449238976034,15454,0.9181395667016653,0.022403805645971404,3.52696514559644e-05,8.606256010284036e-07,0.9186742694500861,0.022410850762765163,97.55986927712362,97.56052264572729,-0.0030477046966552734,20.441762924194336,24.568207263946533,17.50728440284729,1573.1903,460.38458,65.5617241859436,0.7842323780059814
1,93.06235737122795,0.007519572321612537,0.0005216810548855358,12221,0.9178430603193743,0.06826745711456718,3.5258261382889305e-05,2.6224438043395507e-06,0.9183767070607827,0.06829320482740996,92.56218627498119,92.56370459939268,-0.0031347274780273438,2.384185791015625e-07,2.384185791015625e-07,0.0,5205.246,4322.5835,0.139512300491333,0.1287686824798584
2,93.42924828813733,0.0075228822028752034,0.0004943099111268357,11520,0.9175410210110411,0.06787731959784384,3.524665876655812e-05,2.6074569605809708e-06,0.9180729061951338,0.06788215904534152,92.602257769026,92.60601651706804,-0.0030660629272460938,2.384185791015625e-07,2.384185791015625e-07,0.0,9552.536,13485.516,0.1554861068725586,0.1484675407409668
3,88.94929311422554,0.007525965070311078,0.0008316723402458471,10518,0.9171818811416945,0.10902168084170259,3.523286267446583e-05,4.187987125142232e-06,0.9177109654655351,0.10904562655442297,88.11340661178413,88.11765025613414,-0.0031790733337402344,2.384185791015625e-07,2.384185791015625e-07,0.0,13345.364,26197.63,0.19055461883544922,0.18340420722961426
4,90.3179075914178,0.007528676480948712,0.0007289334140286485,10230,0.9167298833500713,0.10153869688848688,3.521549951406236e-05,3.900533838678813e-06,0.9172549418689699,0.10153541571353611,88.92381510271849,88.93051309086972,-0.0030961036682128906,4.76837158203125e-07,2.384185791015625e-07,0.0,16850.543,42743.76,0.1759021282196045,0.16843795776367188
5,88.16935460445802,0.00753082479300013,0.0008909451766194044,9700,0.9161292157725385,0.12196865230863618,3.5192425313942015e-05,4.685335445168876e-06,0.9166491704157097,0.12197114635995797,86.68652301348294,86.69380278775108,-0.0031309127807617188,2.384185791015625e-07,2.384185791015625e-07,0.0,21071.215,68706.055,0.1638495922088623,0.15694141387939453
6,84.40174753607273,0.007532198533468474,0.0011748913433346395,8922,0.9153151166763465,0.15389743933629252,3.51611523001055e-05,5.9118561515170755e-06,0.9158291199239116,0.15391900148871884,83.18639815595765,83.19348029668389,-0.003168821334838867,2.384185791015625e-07,4.76837158203125e-07,2.384185791015625e-07,26092.506,106811.266,0.2799489498138428,0.2725374698638916
7,83.80756909724822,0.007532626321044038,0.0012197153121975496,8351,0.9142867478063353,0.15984940547068993,3.5121648271601695e-05,6.140496522383602e-06,0.9147942639733968,0.15986302898847124,82.51649104023224,82.52470142367221,-0.0031633377075195312,2.384185791015625e-07,2.384185791015625e-07,2.384185791015625e-07,31547.934,154396.17,0.2729339599609375,0.2657470703125
8,83.61439295183726,0.007532133684315126,0.0012341858278541794,7675,0.9130524187174427,0.1608147892351242,3.507423243382924e-05,6.17758102470514e-06,0.9135532242513213,0.1608086147682151,82.38712411922423,82.39745528784034,-0.003123044967651367,2.384185791015625e-07,2.384185791015625e-07,0.0,37072.61,212157.05,0.16051316261291504,0.15355229377746582
9,74.3866039503693,0.007530566329476033,0.0019288337787488332,6885,0.911615569161325,0.24881856949452538,3.501903692230044e-05,9.558181065401251e-06,0.9121097682044532,0.2488344226495781,72.70575690985233,72.71880739316885,-0.0031859874725341797,2.384185791015625e-07,2.384185791015625e-07,0.0,40893.48,272958.12,0.25478458404541016,0.24775362014770508
10,88.69063169602329,0.007527732250789896,0.0008513389651790655,6780,0.9099719050600774,0.1122344547893141,3.495589678319289e-05,4.311403456872853e-06,0.91045991335841,0.11204672953980155,87.66616264027358,87.69339232888406,-0.0031201839447021484,2.384185791015625e-07,0.0,2.384185791015625e-07,41520.008,308713.1,0.14179444313049316,0.13487887382507324
11,86.39466023898527,0.007523735153916198,0.0010236297304092035,6619,0.9081597089550616,0.12473225285180173,3.488628261197993e-05,4.7914971132376205e-06,0.9086422705952074,0.12460171593975103,86.26538354191908,86.28704387061693,-0.0031278133392333984,2.384185791015625e-07,0.0,4.76837158203125e-07,37843.52,273349.84,0.1910383701324463,0.18291473388671875
12,88.30045172707949,0.007518805574376626,0.0008796662877212317,7069,0.9062157722250564,0.10641223618523597,3.4811607722228656e-05,4.0877472412890276e-06,0.9066938219556938,0.10625166274672183,88.25751664816437,88.28141758840462,-0.003099679946899414,2.384185791015625e-07,4.76837158203125e-07,2.384185791015625e-07,32021.98,199182.8,0.201521635055542,0.19462275505065918
13,91.49642328430083,0.007512923113174061,0.0006388671805202512,7749,0.9041757173196994,0.07512055349396467,3.473324052395895e-05,2.8857004261664363e-06,0.90465025562131,0.07489371146275156,91.69181918348251,91.72125238484404,-0.003145933151245117,2.384185791015625e-07,2.384185791015625e-07,0.0,25353.662,124704.805,0.19743919372558594,0.19047999382019043
14,92.26695367110483,0.007506734745742511,0.0005804992756755395,8533,0.9020528084280115,0.06731769804720733,3.465169055116823e-05,2.5859595131840555e-06,0.902524848487014,0.06711646817011996,92.53727748328609,92.56347697433112,-0.0031337738037109375,2.384185791015625e-07,2.384185791015625e-07,0.0,18392.076,64326.35,0.19585561752319336,0.18774914741516113
15,95.54367735710882,0.007500668517457354,0.0003342539895116626,9141,0.8998932435309743,0.04516331284907195,3.456873246508045e-05,1.7349152139317743e-06,0.9003637930037924,0.044912177358350125,94.98125881333863,95.01177438416151,-0.0031621456146240234,4.76837158203125e-07,2.384185791015625e-07,0.0,12474.347,28236.174,0.1406700611114502,0.1335744857788086
16,93.69208893397264,0.007495532231862954,0.0004728115071113314,10793,0.8977749983010364,0.05658838984336558,3.448736164340183e-05,2.173801084947971e-06,0.8982450899263665,0.056499499967669196,93.69681825062467,93.71001293507757,-0.0031387805938720703,2.384185791015625e-07,0.0,2.384185791015625e-07,8259.031,11912.822,0.18991684913635254,0.18298792839050293
17,92.13870126414234,0.007491910731873004,0.0005889614836563159,12336,0.895778316015385,0.07153196167099485,3.441066057219519e-05,2.747847329094762e-06,0.8962490683712793,0.07148538218835165,92.01454641264544,92.02393790843662,-0.0031576156616210938,4.76837158203125e-07,0.0,2.384185791015625e-07,5880.8936,5370.319,0.1655106544494629,0.1583263874053955
18,94.5360213668637,0.007489438795669331,0.0004092213355371934,13561,0.8940174997626416,0.05279840569711106,3.434302011995396e-05,2.0282116509338915e-06,0.8944900945225704,0.05270789735788378,94.09425366828627,94.10749233774172,-0.0031235218048095703,2.384185791015625e-07,0.0,2.384185791015625e-07,4762.8286,2658.218,0.2143547534942627,0.20742368698120117
19,95.04197411638991,0.00748863675152261,0.0003712885484700294,14017,0.8925712618833146,0.05071169518475647,3.4287463962942324e-05,1.948052212075771e-06,0.8930468538677152,0.05060317042237992,94.31847098933531,94.33364887819474,-0.0031468868255615234,2.384185791015625e-07,0.0,2.384185791015625e-07,4544.902,2173.1309,0.22878098487854004,0.22173142433166504
20,94.66981705233393,0.007489059539615492,0.00039918057452114394,14396,0.8914731122423517,0.054703718022983044,3.424527935780392e-05,2.101402812806663e-06,0.8919527495605202,0.054591423962499316,93.86367157104884,93.8795609981137,-0.003117799758911133,2.384185791015625e-07,2.384185791015625e-07,0.0,4632.9697,2222.904,0.25531983375549316,0.24844932556152344
21,93.98432711728977,0.007490613363966601,0.00045061079688480787,14634,0.890762191004904,0.06023308837477886,3.4217969844994774e-05,2.3138094796703617e-06,0.8912467667248675,0.060128640151515145,93.23802817597955,93.25342403513288,-0.003139972686767578,4.76837158203125e-07,0.0,2.384185791015625e-07,4753.181,2334.728,0.27542948722839355,0.26836657524108887
22,93.99102124756278,0.007493619959211759,0.0004502900311374285,14878,0.8904355513894142,0.060882533440563,3.420542222608383e-05,2.3387574308759603e-06,0.8909256648666534,0.06077516304377936,93.16261201099132,93.17842493033628,-0.003104686737060547,7.152557373046875e-07,0.0,2.384185791015625e-07,4832.665,2433.2122,0.25310516357421875,0.2461872100830078
23,92.19690080452176,0.0074975294741265385,0.000585039662076312,14829,0.890451327260587,0.07439800644972128,3.42060282444909e-05,2.857944316599619e-06,0.8909472154101207,0.07432522612616894,91.64491037611212,91.65772956684582,-0.003147125244140625,2.384185791015625e-07,2.384185791015625e-07,2.384185791015625e-07,4917.1875,2548.2683,0.1908407211303711,0.18379497528076172
24,91.3216651613321,0.007501663922092228,0.0006510195136307105,15469,0.8907593321188628,0.08269080703654831,3.421786002300487e-05,3.1765061092712166e-06,0.891260995580509,0.08262604300941283,90.71681833073245,90.72931011015515,-0.0031065940856933594,2.384185791015625e-07,2.384185791015625e-07,2.384185791015625e-07,5012.446,2672.8794,0.20029830932617188,0.19336628913879395
25,90.49522680699559,0.0075057018302869235,0.0007133999355119537,15556,0.8912815794954595,0.08750163049595128,3.423792176918637e-05,3.361310329438817e-06,0.8917887327404379,0.08741376583728291,90.18249310779152,90.19792887843926,-0.0031244754791259766,2.384185791015625e-07,4.76837158203125e-07,0.0,5061.384,2751.3206,0.13613486289978027,0.1292250156402588
26,92.39846130760547,0.007509342146524255,0.0005708255488123305,16705,0.8918982760026796,0.07320530765933965,3.426161170876919e-05,2.812127675911941e-06,0.8924102942738421,0.0731054618251567,91.79219092255317,91.80808846623145,-0.003111124038696289,4.76837158203125e-07,0.0,2.384185791015625e-07,5051.8604,2775.563,0.187666654586792,0.18076086044311523
27,91.54609398628952,0.007511857183383636,0.0006350453461674119,16761,0.8925072461384727,0.08113586739596584,3.4285004845516005e-05,3.116774254608399e-06,0.8930232614122425,0.08105085307157216,90.90922031759307,90.92399307231966,-0.003141164779663086,2.384185791015625e-07,2.384185791015625e-07,2.384185791015625e-07,5026.127,2770.4402,0.20870041847229004,0.20171356201171875
28,91.63346540590908,0.007513304212676857,0.0006286031961128995,16952,0.8930667142860921,0.0796317902659447,3.430649640004963e-05,3.05899624561865e-06,0.8935858478396965,0.07952963422464907,91.08333241043458,91.09994474320321,-0.003118276596069336,2.384185791015625e-07,2.384185791015625e-07,4.76837158203125e-07,5053.516,2786.8762,0.2313249111175537,0.22438645362854004
29,90.99285109097286,0.007513616342026418,0.0006767626123793174,16896,0.8935452757012574,0.08424927505415304,3.432487998237774e-05,3.2363735039241334e-06,0.8940667662381613,0.0841454982396201,90.5713479389129,90.58845475336621,-0.0031239986419677734,2.384185791015625e-07,2.384185791015625e-07,0.0,5133.3647,2863.787,0.20067667961120605,0.19375228881835938
30,91.59449315291285,0.007512433325267814,0.0006314580975382431,16483,0.8939068840833498,0.07735401015509205,3.433877090055892e-05,2.9714970096455152e-06,0.894430204515055,0.07722313597649899,91.34652484140851,91.3662200150801,-0.003087759017944336,2.384185791015625e-07,2.384185791015625e-07,2.384185791015625e-07,5306.771,3030.2776,0.20395255088806152,0.19708681106567383
31,91.98741055381701,0.007510131501443748,0.0006017560040791455,15759,0.8941768702891693,0.0724307751070825,3.434914222069642e-05,2.782374581556642e-06,0.8947018459097752,0.07227984877545861,91.89972616003152,91.92134797688261,-0.003121614456176758,2.384185791015625e-07,2.384185791015625e-07,0.0,5585.4,3362.6572,0.23362469673156738,0.22670316696166992
32,92.37840974906416,0.0075069733172933315,0.0005721507464911838,15056,0.8944406052635535,0.06806508594100436,3.435927340440817e-05,2.614669865588674e-06,0.8949674313383797,0.0679005174460946,92.39020617574171,92.41307392107524,-0.003078937530517578,4.76837158203125e-07,0.0,2.384185791015625e-07,5935.3486,3854.8647,0.20958614349365234,0.20267462730407715
33,93.51178749943311,0.00750347330943625,0.00048684129323954295,14484,0.8947663106631041,0.05713091931664817,3.437178513610572e-05,2.1946419528521883e-06,0.8952954610292742,0.05691436201891553,93.61498989894815,93.64295202016504,-0.003148317337036133,2.384185791015625e-07,2.384185791015625e-07,2.384185791015625e-07,6199.9385,4367.127,0.2133333683013916,0.20636653900146484
34,93.84952338590355,0.007500511617477111,0.00046131721297051697,14334,0.895236982244164,0.053587256212261444,3.438986563630009e-05,2.0585147592294656e-06,0.8957692083805208,0.05333758814056821,94.01418202385587,94.04561044948193,-0.003134012222290039,2.384185791015625e-07,0.0,2.384185791015625e-07,6312.971,4791.2534,0.23263168334960938,0.22565793991088867
35,94.54516908717571,0.007499002648280074,0.00040905791461189365,13815,0.8959718364573245,0.046738738869087804,3.441809451664584e-05,1.7954340376877614e-06,0.8965081128495914,0.04637963276069812,94.78345892501567,94.82663546531907,-0.003160715103149414,2.384185791015625e-07,2.384185791015625e-07,0.0,6303.281,4993.2476,0.18876075744628906,0.18178153038024902
36,94.94042208882188,0.0074991899487068326,0.00037942735816206137,13778,0.8970398434897312,0.04329821861255067,3.4459121215800984e-05,1.6632690001748107e-06,0.897581246365765,0.0427925532202949,95.17321120942536,95.23245907893481,-0.003129720687866211,2.384185791015625e-07,2.384185791015625e-07,0.0,6072.585,4777.1494,0.18857860565185547,0.18167614936828613
37,94.79055361070441,0.007501411236942523,0.00039078199682911533,13802,0.8984829557649683,0.04483134494163893,3.451455730504641e-05,1.722162912632104e-06,0.8990305694794452,0.044216575801906924,95.01032883773856,95.08174946403557,-0.0031223297119140625,2.384185791015625e-07,0.0,2.384185791015625e-07,5683.983,4219.4463,0.18656110763549805,0.1796560287475586
38,94.50471123612404,0.007505938055452218,0.000412472970584756,14195,0.9003704385768704,0.04856453296262077,3.458706355934505e-05,1.865570565558573e-06,0.9009253615142517,0.047898875207233675,94.60616087758477,94.68336920533278,-0.003088712692260742,2.384185791015625e-07,0.0,4.76837158203125e-07,5256.166,3622.5852,0.1551532745361328,0.14827537536621094
39,94.267536964865,0.007512338807056122,0.0004306420451885937,14366,0.9027035546910541,0.053012461696429404,3.4676688486902815e-05,2.03643445361207e-06,0.903266681798485,0.05230606680974922,94.12736757034565,94.20923323490653,-0.003122091293334961,2.384185791015625e-07,0.0,2.384185791015625e-07,4914.229,3147.7422,0.16197800636291504,0.15507078170776367
40,94.50824204257302,0.007520303165753143,0.0004129968475278815,13922,0.9053976941429536,0.056862386300787736,3.478018185859533e-05,2.1843264559306905e-06,0.9059695038388336,0.05609070893103229,93.71962324748203,93.80876412579441,-0.0031228065490722656,2.384185791015625e-07,2.384185791015625e-07,2.384185791015625e-07,4728.1577,2866.6646,0.18032455444335938,0.1733386516571045
41,94.01473293660098,0.007529630966365794,0.000450668522225385,13854,0.9083787120507821,0.06474265055650606,3.489469545370245e-05,2.4870409709782598e-06,0.9089593036582494,0.06398393311407452,92.87272481206203,92.9607483133116,-0.0031294822692871094,2.384185791015625e-07,0.0,2.384185791015625e-07,4688.8843,2781.0962,0.20164799690246582,0.19467806816101074
42,92.97452244406786,0.007539711093838525,0.0005297007106797514,13979,0.9115892752583088,0.07655466002758603,3.5018026861490045e-05,2.940790566517595e-06,0.9121784210987445,0.07585330387146291,91.60206662085912,91.68437861311217,-0.0031211376190185547,2.384185791015625e-07,0.0,2.384185791015625e-07,4734.4824,2826.1145,0.2237391471862793,0.216813325881958
43,92.96762176251619,0.007551222092065655,0.0005310304990664956,13882,0.9148819656939812,0.07886434938315987,3.5144513125921217e-05,3.0295155724938487e-06,0.9154789785287695,0.07814842874101288,91.3798334276556,91.463656667835,-0.003114461898803711,4.76837158203125e-07,0.0,2.384185791015625e-07,4800.583,2941.0916,0.20225024223327637,0.19541358947753906
44,92.37869478105098,0.007562481139539643,0.0005763597697697699,13880,0.9181076600721987,0.08803494865796917,3.526842578642435e-05,3.381797351642946e-06,0.9187114089319081,0.08737435037472001,90.41126084809639,90.48946714656552,-0.0030765533447265625,4.76837158203125e-07,2.384185791015625e-07,2.384185791015625e-07,4873.081,3066.1658,0.22917509078979492,0.22228670120239258
45,91.60712602360863,0.00757299448055483,0.0006355918829920415,14019,0.9211587332641334,0.100823043024987,3.538563050338558e-05,3.873042525544983e-06,0.9217678704150715,0.1002537015980583,89.05475903509922,89.12375828928445,-0.003111124038696289,2.384185791015625e-07,0.0,2.384185791015625e-07,4920.4517,3168.3508,0.19139456748962402,0.18449735641479492
46,90.93283467520651,0.0075873876553934246,0.000687960982547494,14327,0.9238998493847997,0.11089683194050325,3.549092844901658e-05,4.2600196658152755e-06,0.9245128602901822,0.11040657629724755,87.99687736562068,88.0578647372635,-0.0030908584594726562,4.76837158203125e-07,0.0,2.384185791015625e-07,4963.5596,3246.7952,0.19157886505126953,0.1847085952758789
47,90.34296699375265,0.007603812694716124,0.000734302701661962,14840,0.926259401244106,0.1177037868774208,3.558156888614421e-05,4.521503798302888e-06,0.9268747226824289,0.11727699867703392,87.29256764149149,87.34704962741593,-0.0031156539916992188,4.76837158203125e-07,0.0,2.384185791015625e-07,5025.863,3325.553,0.23063135147094727,0.22365927696228027
48,88.67144191226691,0.007617248209110949,0.0008629243880559417,14727,0.9282260451489829,0.13254902985271447,3.5657116055200634e-05,5.091772812412203e-06,0.9288421923855695,0.1322088755977938,85.72017769319972,85.76627152797201,-0.003101825714111328,2.384185791015625e-07,2.384185791015625e-07,0.0,5104.646,3438.9458,0.17272114753723145,0.1658322811126709
49,89.46005948921227,0.007627830910155235,0.0008039688401938406,14779,0.9298248819007795,0.1349048468361292,3.571853418487936e-05,5.182269777048601e-06,0.9304405556936197,0.13462140614160717,85.49137052986235,85.53143397309779,-0.0031456947326660156,2.384185791015625e-07,0.0,2.384185791015625e-07,5223.72,3576.0667,0.18104004859924316,0.1737842559814453
50,88.25464091464256,0.0076354008767157274,0.0008968052505767912,14846,0.9311035533001922,0.14204041859588223,3.5767653399669336e-05,5.456377481402975e-06,0.9317177588543958,0.14180759517908073,84.74493861693085,84.77998365583996,-0.0031015872955322266,2.384185791015625e-07,0.0,2.384185791015625e-07,5346.2065,3716.7686,0.18615508079528809,0.17919492721557617
51,88.1284486642042,0.00764115950716797,0.0009071241735434864,14682,0.9320884190391323,0.14404683159516946,3.580548628761264e-05,5.533452350767112e-06,0.9327003386199705,0.1438484215114827,84.54579751740035,84.57720925411887,-0.0031366348266601562,2.384185791015625e-07,4.76837158203125e-07,0.0,5435.079,3827.297,0.19454169273376465,0.18758583068847656
52,88.51878462747486,0.007650665509483613,0.0008783893845753122,14584,0.9328932600971273,0.14286876374987012,3.583640366076856e-05,5.488197746998699e-06,0.9335024248342331,0.1426901090288931,84.68541151910611,84.71454329063673,-0.0031054019927978516,2.384185791015625e-07,2.384185791015625e-07,0.0,5493.107,3891.451,0.19957208633422852,0.19269657135009766
53,88.9895728295015,0.007660086685082646,0.0008434082656580785,14154,0.9336131501921562,0.13629823555695633,3.5864057705599116e-05,5.235795772777978e-06,0.9342194395764972,0.1361230174254404,85.40099445590464,85.42922447780063,-0.003168821334838867,2.384185791015625e-07,2.384185791015625e-07,0.0,5563.755,3914.7961,0.20906829833984375,0.20183086395263672
54,89.09817683368975,0.007669876123559174,0.0008361563320654737,13792,0.9343059315870647,0.1340363017278155,3.5890670389791975e-05,5.14890525998062e-06,0.9349094531877118,0.13386816465386372,85.65391728808422,85.68116257703669,-0.00311279296875,2.384185791015625e-07,2.384185791015625e-07,4.76837158203125e-07,5650.392,3920.1516,0.24324965476989746,0.2351548671722412
55,89.43782052513272,0.007679523722677683,0.0008111250784042257,13873,0.9350838688225055,0.1279267450943482,3.592055427253017e-05,4.91421116680809e-06,0.9356850856022008,0.12775682900031776,86.31922233291878,86.34617234300637,-0.0031538009643554688,2.384185791015625e-07,2.384185791015625e-07,2.384185791015625e-07,5686.5137,3900.3584,0.20597577095031738,0.19900083541870117
56,89.87561784984423,0.007688712682104332,0.000778434654363733,13129,0.9359933057731118,0.12145975536595215,3.595548961943423e-05,4.6657865460184445e-06,0.9365929527658732,0.121272001727235,87.02343760187165,87.05179220395542,-0.003102540969848633,2.384185791015625e-07,2.384185791015625e-07,4.76837158203125e-07,5658.877,3844.4827,0.21586155891418457,0.20888376235961914
57,90.89604956346675,0.007698366651398305,0.0007008554843659063,13230,0.9370129243325341,0.11278864344430682,3.599465751123748e-05,4.332692203607361e-06,0.9376119352854975,0.11256850942356365,87.96295755209033,87.99412580117304,-0.003175020217895508,2.384185791015625e-07,2.384185791015625e-07,2.384185791015625e-07,5531.689,3681.0918,0.2030777931213379,0.19596338272094727
58,91.08831845315535,0.007709045499229018,0.0006870055851926507,12719,0.9381535071290007,0.10622020067806064,3.603847215461742e-05,4.080370339507554e-06,0.9387530832295028,0.10598203887122798,88.6777377187319,88.71033919732886,-0.003094911575317383,2.384185791015625e-07,0.0,2.384185791015625e-07,5349.337,3421.7683,0.21271944046020508,0.20578408241271973
59,91.30967576935599,0.007719867436373496,0.0006708815103967624,12227,0.9394491325326108,0.10270253763092763,3.608824264492205e-05,3.94524191882789e-06,0.9400507111524687,0.10243932635298308,89.06779153076045,89.10278720736288,-0.0031354427337646484,7.152557373046875e-07,0.0,2.384185791015625e-07,5183.067,3116.0935,0.2109532356262207,0.20401763916015625
60,91.2493340691067,0.007731170290335783,0.0006765288846557588,12307,0.9409149242343265,0.10087936482099061,3.6144549947538665e-05,3.875206085625024e-06,0.9415200211713565,0.10059105083705007,89.27858808243671,89.31610071213318,-0.0031397342681884766,18.051907777786255,17.361612796783447,17.36097478866577,5117.8174,2927.5115,52.96997809410095,0.1867668628692627
61,91.36903059919447,0.007742810961112999,0.0006682796448158795,12514,0.9425120797550064,0.10147891810117506,3.6205903493969205e-05,3.898237480838009e-06,0.9431221405122381,0.10114180722607885,89.23314403274776,89.27585273619538,-0.0031332969665527344,2.384185791015625e-07,0.0,2.384185791015625e-07,5199.0737,2894.01,0.19501829147338867,0.18785905838012695
62,90.33833283937813,0.007754497682471364,0.00074921375605852,12640,0.9442402425093752,0.11137384445844735,3.6272289586254425e-05,4.278343748403786e-06,0.9448566243149472,0.111029366789658,88.20492503449496,88.24907780371883,-0.0031609535217285156,2.384185791015625e-07,2.384185791015625e-07,2.384185791015625e-07,5344.2905,2967.6174,0.22722792625427246,0.21990537643432617
63,90.64254912811981,0.007765925919616416,0.0007266927026747152,12954,0.946128770858473,0.1077237134144398,3.634483600409008e-05,4.138126667733551e-06,0.9467526953807558,0.10730125935293199,88.61426512622627,88.66638987388585,-0.0031690597534179688,2.384185791015625e-07,0.0,2.384185791015625e-07,5446.605,3077.682,0.19505858421325684,0.18799424171447754
64,90.1644550806586,0.0077772675711281205,0.0007649366454556784,13187,0.9481719180495929,0.11485448308954256,3.642332199022714e-05,4.412049903562637e-06,0.9488042921251527,0.11438958486114642,87.88674491374937,87.9438166742549,-0.0031290054321289062,4.76837158203125e-07,2.384185791015625e-07,0.0,5483.258,3176.8645,0.19710969924926758,0.19016551971435547
65,89.74426018703264,0.007788668963161177,0.0007987856237551539,13542,0.9503491620166571,0.12057219946864195,3.650695920469642e-05,4.631691743571065e-06,0.9509905027477009,0.12006582417338585,87.31285255065772,87.37465581133785,-0.0031614303588867188,2.384185791015625e-07,0.0,2.384185791015625e-07,5482.38,3261.765,0.1773686408996582,0.1703629493713379
66,89.30201951632333,0.00780044966249004,0.0008344905825322073,13683,0.9526599020351214,0.12663502444071414,3.6595724571109456e-05,4.864590674581828e-06,0.9533104293422593,0.1260998129482164,86.70721585214305,86.77242909896418,-0.003119945526123047,2.384185791015625e-07,2.384185791015625e-07,0.0,5475.5654,3362.3052,0.17071962356567383,0.1638026237487793
67,89.18594233120723,0.00781256580252016,0.0008448553712969129,14106,0.9550993942182676,0.13145596173631277,3.668943585657144e-05,5.049783410276305e-06,0.9557591443932392,0.13088393396062153,86.2364103116297,86.3057617885819,-0.003124237060546875,2.384185791015625e-07,2.384185791015625e-07,0.0,5456.1636,3487.8098,0.2132575511932373,0.20633220672607422
68,89.27428065540018,0.007824739003227657,0.0008392595449336369,14256,0.9576479339695935,0.12913775406562036,3.678733612360147e-05,4.960731179533665e-06,0.9583167970691172,0.12851756771878223,86.5151117143515,86.58923978878009,-0.0031197071075439453,4.76837158203125e-07,0.0,4.76837158203125e-07,5470.4526,3653.7415,0.199554443359375,0.19262409210205078
69,88.72298659413254,0.007836756568870408,0.0008837520888567153,14063,0.9602989940709122,0.13510911108455645,3.6889174633947154e-05,5.190116436868333e-06,0.9609766899333179,0.13447969973673832,85.93051623309526,86.00593530046292,-0.003133535385131836,4.76837158203125e-07,0.0,2.384185791015625e-07,5498.507,3842.456,0.17047643661499023,0.16355133056640625
70,88.79713999655597,0.007848806936321888,0.0008792908530167456,13982,0.963048603517805,0.1339107093423535,3.6994798844414756e-05,5.144080721510199e-06,0.963734777348169,0.13324081579120062,86.09512449805678,86.17453484891055,-0.0031006336212158203,2.384185791015625e-07,2.384185791015625e-07,2.384185791015625e-07,5554.668,4044.7986,0.16976070404052734,0.16284441947937012
71,88.96018275527423,0.007860599654569197,0.0008677958362039838,13634,0.9658563688498507,0.13115329314484142,3.71026570701387e-05,5.03815662049944e-06,0.96655054348889,0.13043979267688421,86.42103553129542,86.50460717697754,-0.003163576126098633,2.384185791015625e-07,2.384185791015625e-07,2.384185791015625e-07,5640.5806,4264.012,0.20016694068908691,0.1931147575378418
72,89.0735600764512,0.007871849461991716,0.0008601129023367244,13211,0.9686797393088377,0.12806662885987433,3.721111475525652e-05,4.919584698059094e-06,0.9693812811597796,0.12731205141298374,86.77926009361452,86.86666909220013,-0.0031070709228515625,2.384185791015625e-07,0.0,2.384185791015625e-07,5745.8657,4503.7456,0.17667126655578613,0.16968345642089844
73,89.08296795002111,0.00788247556471279,0.0008605323837314496,13168,0.9715196390783772,0.12612378530644527,3.732020740159716e-05,4.844951801876355e-06,0.9722279072260379,0.12534295459360348,87.01788618230185,87.1076572003336,-0.0031003952026367188,2.384185791015625e-07,0.0,2.384185791015625e-07,5853.8477,4762.0127,0.17189741134643555,0.16503143310546875
74,88.12249278182423,0.007892189299973219,0.0009373953537764141,12899,0.9743479257816636,0.13276873902555025,3.7428853940598634e-05,5.100212777564161e-06,0.9750622637299516,0.1319967083361663,86.37358016449438,86.46274056066603,-0.0030968189239501953,2.384185791015625e-07,2.384185791015625e-07,2.384185791015625e-07,5953.511,5034.7417,0.14345216751098633,0.13660812377929688
75,89.0990345121316,0.007900918674851857,0.0008612764179701499,13100,0.9770985456704911,0.1257259630160602,3.75345169664448e-05,4.82966975322911e-06,0.97781819593109,0.12495201649641315,87.13272437328352,87.22134472273423,-0.003103971481323242,4.76837158203125e-07,0.0,2.384185791015625e-07,6045.4307,5318.7637,0.16266846656799316,0.1558094024658203
76,88.60308566396856,0.007908684701081782,0.0009013460204891144,13737,0.9797281839299612,0.12789723699207642,3.763553257260146e-05,4.913077634913814e-06,0.9804523103266787,0.1271527159337405,86.9456407307744,87.03121869421938,-0.003102540969848633,0.0,2.384185791015625e-07,2.384185791015625e-07,6139.355,5578.246,0.1762557029724121,0.16933512687683105
77,88.5014174416384,0.00791558895553412,0.0009101805310326442,13953,0.9821934671335076,0.12682571445317553,3.773023460101059e-05,4.871915890180375e-06,0.9829211343312304,0.12607381933746087,87.08750172984642,87.17355696871446,-0.003133535385131836,2.384185791015625e-07,0.0,2.384185791015625e-07,6167.77,5760.1455,0.14397668838500977,0.137040376663208
78,88.70126915727731,0.007921566585262229,0.0008950364869958378,14280,0.9844558662879084,0.12277227140083093,3.7817142988933174e-05,4.7162058774136035e-06,0.9851860545366337,0.12201340298480023,87.528920736308,87.61519182869603,-0.003099203109741211,4.76837158203125e-07,2.384185791015625e-07,0.0,6114.1553,5780.655,0.1470317840576172,0.1401674747467041
79,88.92151607078993,0.007926762803230448,0.0008781651432624864,14567,0.9865219328746645,0.11835297795101143,3.789650940667888e-05,4.546441992586487e-06,0.9872536087269491,0.11758861505721876,88.00300591329601,88.08932031062943,-0.0031189918518066406,2.384185791015625e-07,0.0,2.384185791015625e-07,5964.8135,5597.487,0.14314556121826172,0.13624286651611328
80,89.32244707904479,0.007931431788363915,0.0008468828265920214,14962,0.9884603926023003,0.11338075261651995,3.797097390144055e-05,4.355437638925935e-06,0.9891926732243114,0.1126240721466007,88.5295603683194,88.61454646853598,-0.003094911575317383,4.76837158203125e-07,2.384185791015625e-07,0.0,5751.0693,5240.2236,0.16999268531799316,0.16300439834594727
81,89.39741303851675,0.007935948061126557,0.0008414157943990876,13739,0.9903176385988791,0.1092624349318348,3.804231863087274e-05,4.197235515205701e-06,0.9910498109036463,0.10850531524216833,88.96693033899493,89.05147712573272,-0.003116130828857422,4.76837158203125e-07,2.384185791015625e-07,2.384185791015625e-07,5507.633,4771.799,0.12488341331481934,0.11796689033508301
82,90.57126717024092,0.007940558782118403,0.000748694072755915,14683,0.9921400751121389,0.09710093478496602,3.8112326179784067e-05,3.7300604941981415e-06,0.9928715492225443,0.09627777740309278,90.21298128956329,90.30309837375421,-0.0030994415283203125,2.384185791015625e-07,2.384185791015625e-07,2.384185791015625e-07,5252.55,4313.4575,0.18862080574035645,0.1817760467529297
83,90.94434005420115,0.00794560696719367,0.0007195271475787593,14754,0.9939629216423117,0.09139492166624193,3.8182349479191444e-05,3.510868226269281e-06,0.9946931741729851,0.09054031962261386,90.80499687903536,90.89766352343862,-0.003108501434326172,2.384185791015625e-07,2.384185791015625e-07,2.384185791015625e-07,5030.984,3936.7422,0.19361662864685059,0.18672752380371094
84,91.6275975232184,0.00795091581078273,0.0006656826722687939,14959,0.9957804350443785,0.08366734008457012,3.8252167910432485e-05,3.2140189030643103e-06,0.9965089599905417,0.08274485106601749,91.59781241525987,91.69652713741753,-0.0030989646911621094,2.384185791015625e-07,2.384185791015625e-07,0.0,4860.5654,3629.6746,0.19025492668151855,0.18340039253234863
85,92.08687939860177,0.00795635200389087,0.0006295957295396493,14645,0.9975855319240942,0.07835695610899228,3.832150937016342e-05,3.010024435655819e-06,0.9983118434560887,0.07741087061542914,92.1453395622267,92.24582267326029,-0.003141641616821289,2.384185791015625e-07,2.384185791015625e-07,0.0,4717.032,3391.1675,0.2233872413635254,0.21643280982971191
86,91.92693489465552,0.007961785137694435,0.0006427600977137133,14619,0.9993921473867653,0.07846403550069438,3.839090916513389e-05,3.014137811182175e-06,1.000115882526099,0.07756167791233265,92.14882409213801,92.24473090893959,-0.003082752227783203,2.384185791015625e-07,2.384185791015625e-07,4.76837158203125e-07,4594.797,3213.1724,0.21846747398376465,0.21160554885864258
87,92.13276141550325,0.00796722590915837,0.0006268006708393286,14493,1.001265179906956,0.07621477837645062,3.84628603221787e-05,2.927734264614729e-06,1.0019863252283745,0.07535285053779109,92.38815251884292,92.47965280158724,-0.003131389617919922,2.384185791015625e-07,2.384185791015625e-07,2.384185791015625e-07,4507.2188,3084.2722,0.1889019012451172,0.18198728561401367
88,92.2652964172561,0.007972611069170915,0.0006166578340054002,14386,1.0032479953084323,0.07447281283202947,3.853902870729995e-05,2.8608179483723676e-06,1.0039669545196204,0.07364343770431446,92.57682914092103,92.66475481361321,-0.0031044483184814453,2.384185791015625e-07,0.0,2.384185791015625e-07,4465.305,3002.5015,0.19710016250610352,0.19014430046081543
89,92.3259722600652,0.00797782116911992,0.0006122202095606537,14202,1.005359914360032,0.07448921718995193,3.862015651352305e-05,2.8614481096324496e-06,1.0060773651904347,0.07372336037764676,92.59079100668457,92.67219769289889,-0.0031952857971191406,2.384185791015625e-07,2.384185791015625e-07,0.0,4484.185,2958.5417,0.33118438720703125,0.32210850715637207
90,92.00724462722695,0.007983093561250655,0.0006380691395303609,14145,1.0076277573639378,0.07940545792307444,3.870727402289251e-05,3.050301856295115e-06,1.0083446407221033,0.0787570607116622,92.11956425944364,92.18946999556995,-0.003131866455078125,4.76837158203125e-07,0.0,2.384185791015625e-07,4556.676,2941.035,0.34932374954223633,0.33947062492370605
91,92.98595034758696,0.007988514842437063,0.00056031839753892,13696,1.010040891062969,0.07284229111497836,3.8799972766709014e-05,2.7981826642201277e-06,1.0107583164598877,0.07213930907493127,92.78818394784798,92.86285278091064,-0.0031881332397460938,4.76837158203125e-07,0.0,2.384185791015625e-07,4654.09,2933.4111,0.2791166305541992,0.26733994483947754
92,91.61589937486723,0.007994940551239975,0.000670303860735504,13596,1.0126053382867597,0.08636488311143016,3.889848410751228e-05,3.317643020568153e-06,1.0133244926405494,0.08583009317705688,91.47102233753262,91.52985111872718,-0.0030889511108398438,2.384185791015625e-07,0.0,2.384185791015625e-07,4764.7256,2921.9443,0.33060407638549805,0.32020020484924316
93,91.35990631349078,0.008001057933316558,0.0006912989013504286,13161,1.0153089922551115,0.09126318298479019,3.90023429723076e-05,3.505807582390527e-06,1.016030963067604,0.0907711380028269,91.01128979641116,91.06610513829516,-0.0034203529357910156,2.384185791015625e-07,2.384185791015625e-07,2.384185791015625e-07,4861.7085,2914.362,0.32651638984680176,0.29229164123535156
94,91.00361433629195,0.008006729603519447,0.0007203162741828916,13285,1.0181221106744756,0.09654056141925267,3.911040683291624e-05,3.7085341663818634e-06,1.0188477137308622,0.09608655897697407,90.51778166812453,90.56909509811628,-0.0036067962646484375,2.384185791015625e-07,4.76837158203125e-07,0.0,4919.4985,2902.688,0.4429295063018799,0.4261972904205322
95,90.43700297140249,0.00801194759651137,0.0007661823105871711,13777,1.0210118616704102,0.10264534353734626,3.922141447719769e-05,3.943044850082447e-06,1.0217414572539543,0.10223388609925559,89.94670410886167,89.99415308310766,-0.002996683120727539,4.76837158203125e-07,2.384185791015625e-07,2.384185791015625e-07,4946.733,2882.348,0.26415061950683594,0.22005653381347656
96,91.50038665898217,0.008016300284013938,0.0006813545283960991,13973,1.023916914480633,0.09340593507884584,3.933300992934208e-05,3.5881198171037893e-06,1.024650255390201,0.09292518231329526,90.87758647622061,90.9310340943693,-0.003199338912963867,4.76837158203125e-07,0.0,2.384185791015625e-07,4982.1504,2875.3677,0.33657360076904297,0.315352201461792
97,91.49635765909609,0.008019162093814428,0.0006819208631953194,14390,1.0267293997502145,0.09231355869385667,3.9441049467970746e-05,3.5461569873177885e-06,1.0274655353540545,0.09183506336537316,91.00896899257827,91.06198113655192,-0.003374338150024414,4.76837158203125e-07,2.384185791015625e-07,0.0,5045.0225,2897.4253,0.26889634132385254,0.2470545768737793
98,90.12659024113212,0.008020258217489558,0.0007918729575320165,15127,1.0293237680371505,0.10382501693853086,3.95407102042544e-05,3.988361130091075e-06,1.0300611813946265,0.1034553147921213,89.91327897377536,89.95639126483239,-0.0029540061950683594,2.384185791015625e-07,0.0,4.76837158203125e-07,5134.803,2936.8264,0.3843815326690674,0.3706643581390381
99,90.08026446443034,0.008019467177195174,0.0007955099353395735,15469,1.0315856403621277,0.10407742215986941,3.962759835441486e-05,3.998057089730693e-06,1.0323224771134119,0.10373542394184355,89.91092759653633,89.95125784416616,-0.0030808448791503906,4.76837158203125e-07,0.0,2.384185791015625e-07,5205.486,2964.0098,0.4336209297180176,0.41889071464538574
100,90.0371973175798,0.008016735230060234,0.0007986915125429659,15685,1.03337958392349,0.10470273322931534,3.96965113676817e-05,4.022077951341247e-06,1.0341138051614478,0.10439727417290742,89.86793092700897,89.90466294407425,-0.002964496612548828,4.76837158203125e-07,2.384185791015625e-07,0.0,5223.008,2957.1216,0.35706090927124023,0.3389310836791992
101,90.17278903424258,0.008012193239933681,0.0007873751326724376,16014,1.034653175788555,0.1042756352209898,3.9745435455921755e-05,4.005671297671704e-06,1.0353829127461818,0.10400335684599644,89.92168219640203,89.95508274613643,-0.003007650375366211,2.384185791015625e-07,2.384185791015625e-07,0.0,5173.2896,2912.0024,0.2932429313659668,0.2846536636352539
102,90.64875143501149,0.00800618480323847,0.000748678241523166,16164,1.035476775992348,0.10110090823517501,3.9777073447769976e-05,3.883716511799901e-06,1.036200534989263,0.10084473219999238,90.23629398754163,90.26783631210562,-0.0029952526092529297,2.384185791015625e-07,2.384185791015625e-07,2.384185791015625e-07,5063.5005,2833.2246,0.47569823265075684,0.4637420177459717
103,90.22329045763061,0.007999173759754924,0.000782055984280668,16277,1.0359283947968183,0.10362321134422046,3.979442204966266e-05,3.980608917648297e-06,1.036645071951218,0.10340605705742982,89.99706815020312,90.02493140079329,-0.002991914749145508,2.384185791015625e-07,2.384185791015625e-07,0.0,4873.7,2705.9854,0.396409273147583,0.3896338939666748
104,89.86824206793789,0.007991613243192022,0.000809690908666834,16768,1.0360750602806854,0.10709165856908115,3.980005609560101e-05,4.113846748965932e-06,1.0367838841013381,0.1069053497166007,89.663716204107,89.68875275204881,-0.003016948699951172,4.76837158203125e-07,2.384185791015625e-07,0.0,4673.006,2557.8735,0.4580199718475342,0.4497795104980469
105,89.84055219434799,0.007983619502320804,0.0008110916563401368,14702,1.036003282903973,0.10676781338031821,3.9797298820834856e-05,4.101406475888069e-06,1.0367037856184922,0.10657583881686294,89.69425916479315,89.71974055701163,-0.0029146671295166016,2.384185791015625e-07,2.384185791015625e-07,0.0,4478.349,2426.264,0.2554173469543457,0.24408221244812012
106,90.81173176308019,0.007975826613021134,0.0007328403433160177,16182,1.0357977693194946,0.10037532041345675,3.978940416869602e-05,3.8558435930184675e-06,1.0364898278552506,0.10018995445551403,90.30937086499019,90.33372525586368,-0.003031015396118164,2.384185791015625e-07,4.76837158203125e-07,0.0,4343.3247,2330.7092,0.45154523849487305,0.4403400421142578
